"","time","AirPassengers"
"1",1949,112
"2",1949.08333333333,118
"3",1949.16666666667,132
"4",1949.25,129
"5",1949.33333333333,121
"6",1949.41666666667,135
"7",1949.5,148
"8",1949.58333333333,148
"9",1949.66666666667,136
"10",1949.75,119
"11",1949.83333333333,104
"12",1949.91666666667,118
"13",1950,115
"14",1950.08333333333,126
"15",1950.16666666667,141
"16",1950.25,135
"17",1950.33333333333,125
"18",1950.41666666667,149
"19",1950.5,170
"20",1950.58333333333,170